Repo,File Name,Test File,LLM Model Used,Prompt,Done By,PR,Passing Tests after,Execution Time before,Execution Time After,LOC Before,LOC After,Test Case Coverage  %,Radon Score ( Out of 100),Radon Score(Out of 100) Measures Readability,Comments,,,,Unique test files,,Unique Repositories
https://github.com/scrapy/scrapy,contracts/__init__.py,test_contracts.py,Claude 3.5 Sonnet,,Abdel,https://github.com/scrapy/scrapy/pull/6667/files,7/14,,,,,,,,,,,,contracts/__init__.py,,https://github.com/scrapy/scrapy
,,,GPT 4o,,Abdel,https://github.com/scrapy/scrapy/pull/6668/files,14/14,,,,,,,,,,,,,,
,utils/url.py,test_utils_url.py,Claude 3.5 Sonnet,,Abdel,https://github.com/scrapy/scrapy/pull/6669/files,75/78,,,,,,,,,,,,utils/url.py,,https://github.com/se2p/pynguin?utm_source=chatgpt.com
,,,GPT 4o,,Abdel,https://github.com/scrapy/scrapy/pull/6670/files,78/78,,,,,,,,,,,,tyepesystem.py,,https://github.com/sharp1230/pymor/tree/cd773fea0e791cdfa5246cc77af50fe2523fbd62
,,,,,,,,,,,,,,,,,,,Cali.py,,https://github.com/tokuhirom/jawiki-kana-kanji-dict
https://github.com/se2p/pynguin?utm_source=chatgpt.com,tyepesystem.py,tests/analyses/typesystem.py,GPT 4o,,Paiman,https://github.com/se2p/pynguin/pull/85/files,200/200,0.38s,0.34s,,,,,,,,,,scr/pymore/reductors/lowner.py,,https://github.com/crystalchan2001/OktoberfestAccomodation
,Cali.py,tests/types.py,GPT 4o,,Paiman,https://github.com/se2p/pynguin/pull/86/files,21/21,0.19s,0.12s,,,,,,,,,,pymor/src/pymor/models/symplectic.py,,https://github.com/codefresh-contrib/python-flask-sample-app
,,,Claude 3.5 Sonnet,,Paiman,https://github.com/se2p/pynguin/pull/87/files,21/21,0.19s,0.14s,,,,,,,,,,pymor/src/pymortests/fixtures/grid.py,,\\https://github.com/Cloudxtreme/linux-client
,,,,,,,,,,,,,,,,,,,pymor/src/pymor/core,,https://github.com/amosbastian/fpl
https://github.com/sharp1230/pymor/tree/cd773fea0e791cdfa5246cc77af50fe2523fbd62,scr/pymore/reductors/lowner.py,test_lowner.py,GPT 4o,,Paiman,unable to make pull request,48/48,19.1s,17.1s,347,298,,,,,,,,converter.py,,https://github.com/gristlabs/asttokens
,scr/pymore/reductors/lowner.py,test_loewner.py,Claude 3.5 Sonnet,,Paiman,unable to make pull request,36/48,19.1s,17.1s,347,292,,,,,,,,post_validate.py,,https://github.com/censys/censys-python
,pymor/src/pymor/models/symplectic.py,scr/pymoretest/models/model.py,GPT 4o,,Paiman,unable to make pull request,99/99,13.4s,10.2s,192,182,,,,,,,,mapper.py,,https://github.com/github-pengge/inpainting/tree/5a51237a3a54e8f27a780cc43270569a05cb1198
,pymor/src/pymor/models/symplectic.py,scr/pymoretest/models/model.py,Claude 3.5 Sonnet,,Paiman,unable to make pull request,99/99,13.4s,10.8s,192,187,,,,,,,,auth.py,,https://github.com/pystitch/stitch
,pymor/src/pymortests/fixtures/grid.py,affine_grid.py,CPT 4o,,Paiman,unable to make pull request,20/34,4.67s,60s,125,86,,,,,,,,blog.py,,https://github.com/timonwong/cyksuid/tree/master
,pymor/src/pymortests/fixtures/grid.py,affine_grid.py,Claude 3.5 Sonnet,,Paiman,unable to make pull request,34/34,5.57s,37.64,125,130,,,,,added extra code??,,,queue.py,,https://github.com/pyensemble/wildwood
,pymor/src/pymor/core,pymor/src/pymortests/core/logger.py,GPT 4o,,Paiman,unable to make pull request,11/11,0.5s,0.4s,361,352,,,,,,,,fpl/models/fixture.py,,https://github.com/PNejr10/LLM_Hack-A-Roo_2024
,pymor/src/pymor/core,pymor/src/pymortests/core/logger.py,Claude 3.5 Sonnet,,Paiman,unable to make pull request,11/11,0.5s,0.5s,361,352,,,,,,,,user.py,,https://github.com/PNejr10/AAA
,,,,,,,,,,,,,,,,,,,mark_tokens.py,,https://github.com/astriaorg
https://github.com/tokuhirom/jawiki-kana-kanji-dict,converter.py,test_converter.py,Gemini 2.0 Flash,1,Devang,https://github.com/tokuhirom/jawiki-kana-kanji-dict/pull/35,11/11,0.48s,0.12s,180,124,83,57.64,33.74,,,,,asttokens.py,,https://github.com/zephyrproject-rtos/zephyr
,,,GPT 4o,1,Devang,https://github.com/tokuhirom/jawiki-kana-kanji-dict/pull/36,0/11,0.48s,0.31s,180,92,83,57.64,NA,,Caused syntax issues,,,censys/asm/api.py,,https://github.com/abersheeran/a2wsgi
,,,Deepseek,1,Devang,https://github.com/devangb3/jawiki-kana-kanji-dict/pull/4,8/11,0.48s,0.75s,180,78,83,,,,,,,censys/asm/inventory.py,,https://github.com/iconloop/kona
,,,Claude 3.5 Sonnet,1,Devang,https://github.com/devangb3/jawiki-kana-kanji-dict/pull/1,11/11,0.48s,0.15s,180,110,83,57.64,54.96,,,,,censys/asm/seeds.py,,https://github.com/Redhead80/6.Tests
,post_validate.py,test_post_validate.py,GPT 4o,1,Devang,https://github.com/tokuhirom/jawiki-kana-kanji-dict/pull/35,40/40,0.49s,0.39s,223,149,50,59.86,49.36,,,,,censys/asm/risks.py,,https://github.com/psf/black
,,,Claude 3.5 Sonnet,1,Devang,https://github.com/devangb3/jawiki-kana-kanji-dict/pull/2,39/40,0.49s,0.54s,223,130,50,59.86,51.01,,,,,censys/cli/commands/asm.py,,https://github.com/Textualize/rich
,,,Deepseek,1,Devang,https://github.com/devangb3/jawiki-kana-kanji-dict/pull/5,32/40,0.49s,1.03s,223,119,50,,,,,,,censys/cli/commands/config.py,,https://github.com/michaeltian108/CA-TRIDE
,,,Gemini 2.0 Flash,1,Devang,https://github.com/devangb3/jawiki-kana-kanji-dict/pull/3,40/40,0.49s,0.38s,223,133,50,59.86,47.49,,,,,censys/cli/commands/search.py ,,https://github.com/HarshCasper/prefect
,,,,,,,,,,,,,,,,,,,censys/cli/commands/view.py,,https://github.com/ansible/ansible
https://github.com/crystalchan2001/OktoberfestAccomodation,mapper.py,testMapper.py,GPT 4o,1,Devang,https://github.com/crystalchan2001/OktoberfestAccomodation/pull/1,10/10,0.7s,0.63s,106,77,100,44.32,42.92,,,,,censys/cli/commands/hnri.py,,
,,,Gemini 2.0 Flash,1,Devang,https://github.com/devangb3/OktoberfestAccomodation/pull/1,10/10,0.7s,0.63s,106,92,100,44.32,46.63,,,,,censys/common/base.py,,
,,,Deepseek,1,Devang,https://github.com/devangb3/OktoberfestAccomodation/pull/3,10/10,0.7s,0.63s,106,82,100,,,,,,,censys/cli/commands/subdomains.py,,
,,,Claude 3.5 Sonnet,1,Devang,https://github.com/devangb3/OktoberfestAccomodation/pull/2,10/10,0.7s,0.63s,106,97,100,44.32,41.59,,,,,censys/asm/beta.py,,
,,,,,,,,,,,,,,,,,,,networks.py,,
https://github.com/codefresh-contrib/python-flask-sample-app,auth.py,test_auth.py,GPT 4o,1,Devang,https://github.com/devangb3/python-flask-sample-app/pull/1/files,8/8,0.43s,0.41s,116,79,100,61.95,43.12,,,,,sticher/options.py,,
,,,Claude 3.5 Sonnet,1,Devang,https://github.com/devangb3/python-flask-sample-app/pull/3,8/8,0.43s,0.37s,116,82,100,61.95,45.95,,,,,sticher/parser.py,,
,,,Deepseek,1,Devang,https://github.com/devangb3/python-flask-sample-app/pull/8,6/8,0.43s,,116,86,100,,,,,,,sticher/stitcher.py,,
,,,Gemini 2.0 Flash,1,Devang,https://github.com/devangb3/python-flask-sample-app/pull/4,8/8,0.43s,0.41s,116,95,100,61.95,44.27,,,,,cyksuid/ksuid.py,,
,blog.py,test_blog.py,Gemini 2.0 Flash,1,Devang,https://github.com/devangb3/python-flask-sample-app/pull/2,8/8,0.78s,0.73s,125,101,93,65.22,68.58,,,,,cyksuid/_ksuid.pyi,,
,,,Deepseek,1,Devang,https://github.com/devangb3/python-flask-sample-app/pull/7,8/8,0.78s,0.70s,125,109,93,65.22,,,,,,wildwood/forest.py,,
,,,GPT 4o,1,Devang,https://github.com/devangb3/python-flask-sample-app/pull/6,8/8,0.78s,0.77s,125,90,93,65.22,46.56,,,,,wildwood/preprocessing/feature_bitarray.py,,
,,,Claude 3.5 Sonnet,1,Devang,https://github.com/devangb3/python-flask-sample-app/pull/5,8/8,0.78s,0.71s,125,88,93,65.22,47.19,,,,,wildwood/dataset/loader.py,,
,,,,,,,,,,,,,,,,,,,Main.py,,
\\https://github.com/Cloudxtreme/linux-client,queue.py,Test_queue.py,GPT 4o,1,Paiman,unable to make pull request,5/5,0.6s,0.2s,140,130,,,,,,,,Morse.py,,
,,,Claude 3.5,1,Paiman,unable to make pull request,5/5,0.6s,0.4s,148,135,,,,,,,,typer_validators.py,,
,,,,,,,,,,,,,,,,,,,asgi.py,,
https://github.com/amosbastian/fpl,fpl/models/fixture.py,test_fixture.py,GPT 4o,1,Devang,https://github.com/devangb3/fpl/pull/1,22/22,0.07s,0.07s,173,91,100,57.67,41.67,,,,,wsgi.py,,
,,,Claude 3.5 Sonnet,1,Devang,https://github.com/devangb3/fpl/pull/3,22/22,0.07s,0.08s,173,100,100,57.67,53.73,,,,,kona//key_value_store_imdb.py,,
,,,Gemini 2.0 Flash,1,Devang,https://github.com/devangb3/fpl/pull/4,22/22,0.07s,0.08s,173,95,100,57.67,40.33,,,,,main.py,,
,,,Deepseek,1,Devang,https://github.com/devangb3/fpl/pull/7,22/22,0.07s,0.07s,173,128,100,,,,,,,app/user.py,,
,user.py,test_user.py,GPT 4o,1,Devang,https://github.com/devangb3/fpl/pull/2/,43/43,0.98s,0.96s,761,299,99,33.64,9.49,,Mainly removed comments,,,trans.py,,
,,,Gemini 2.0 Flash,1,Devang,https://github.com/devangb3/fpl/pull/5,42/43,0.98s,1.66s,761,666,99,33.64,34.77,,,,,blackd/__init__.py,,
,,,Deepseek,1,Devang,https://github.com/devangb3/fpl/pull/8,43/43,0.98s,1.36s,761,359,99,,,,,,,black/__init__.py,,
,,,Claude 3.5 Sonnet,1,Devang,https://github.com/devangb3/fpl/pull/6,40/43,0.98s,1.31s,761,609,99,33.64,34.2,,,,,tokenize.py,,
,,,,,,,,,,,,,,,,,,,ranges.py,,
https://github.com/gristlabs/asttokens,mark_tokens.py,test_mark_tokens.py,GPT 4o,1,Devang,https://github.com/devangb3/asttokens/pull/1,49/49,1.41s,1.37s,467,456,79,41.77,42.09,,,,,align.py,,
,,,Gemini 2.0 Flash,1,Devang,https://github.com/devangb3/asttokens/pull/2,49/49,1.41s,1.32s,467,466,79,41.77,42.28,,,,,prompt.py,,
,,,Deepseek,1,Devang,https://github.com/devangb3/asttokens/pull/7,49/49,1.41s,1.08s,467,319,79,,,,,,,pretty.py,,
,,,Claude 3.5 Sonnet,1,Devang,https://github.com/devangb3/asttokens/pull/6,45/49,1.41s,1.59s,467,311,79,41.77,29.03,,,,,contrastive.py,,
,asttokens.py,test_asttokens.py,Gemini 2.0 Flash,1,Devang,https://github.com/devangb3/asttokens/pull/3,7/7,0.17s,0.18s,450,436,98,46.69,47.51,,,,,margin.py,,
,,,Deepseek,1,Devang,https://github.com/devangb3/asttokens/pull/8,7/7,0.17s,0.21s,450,224,98,,,,,,,miner.py,,
,,,GPT 4o,1,Devang,https://github.com/devangb3/asttokens/pull/4,7/7,0.17s,0.19s,450,231,98,46.69,49.74,,Mainly removed comments,,,triplet.py,,
,,,Claude 3.5 Sonnet,1,Devang,https://github.com/devangb3/asttokens/pull/5,0/7,0.17s,0.43s,450,200,98,46.69,25.21,,,,,triplet_variant.py,,
,,,,,,,,,,,,,,,,,,,snr.py,,
https://github.com/censys/censys-python,censys/asm/api.py,tests/asm/test_api.py,GPT 4o,1,Devang,https://github.com/devangb3/censys-python/pull/1,55/55,0.51s,0.91s,121,112,100,77.38,77.61,,,,,lifted.py,,
,,,Deepseek,1,Devang,https://github.com/devangb3/censys-python/pull/39,55/55,0.51s,1.12s,121,111,100,,,,,,,npair.py,,
,,,Claude Sonnet 3.5,1,Devang,https://github.com/devangb3/censys-python/pull/12,54/55,0.51s,0.46s,121,74,100,77.38,49.71,,,,,extra.py,,
,,,Gemini 2.0 Flash,1,Devang,https://github.com/devangb3/censys-python/pull/11,55/55,0.51s,1.16s,121,116,100,77.38,77.63,,,,,prefect/agent/docker/agent.py,,
,censys/asm/inventory.py,tests/asm/test_inventory.py,GPT 4o,1,Devang,https://github.com/devangb3/censys-python/pull/2/,2/4,0.61s,0.83s,128,127,100,73.73,77.02,,Debloating caused test failures,,,prefect/engine/result/base.py,,
,,,Deepseek,1,Devang,https://github.com/devangb3/censys-python/pull/40,4/4,0.61s,0.58s,128,109,100,,,,,,,prefect/engine/flow_runner.py,,
,,,Claude Sonnet 3.5,1,Devang,https://github.com/devangb3/censys-python/pull/13,2/4,0.61s,0.87s,128,71,100,73.73,57.92,,,,,prefect/schedules/clock.py,,
,,,Gemini 2.0 Flash,1,Devang,https://github.com/devangb3/censys-python/pull/14,2/4,0.61s,0.80s,128,97,100,73.73,79.61,,,,,lib/ansible/inventory/group.py,,
,censys/asm/seeds.py,tests/asm/test_seeds.py,GPT 4o,1,Devang,https://github.com/devangb3/censys-python/pull/3,8/11,0.60s,1.04s,105,46,100,100,59.7,,Debloating caused test failures,,,lib/ansible/invecntory/host.py,,
,,,Deepseek,1,Devang,https://github.com/devangb3/censys-python/pull/41,8/11,0.60s,1.04s,105,92,100,,,,,,,lib/ansible/playbook/block.py,,
,,,Claude Sonnet 3.5,1,Devang,https://github.com/devangb3/censys-python/pull/15,8/11,0.60s,0.37s,105,46,100,100,61.08,,,,,lib/ansible/config/manager.py,,
,,,Gemini 2.0 Flash,1,Devang,https://github.com/devangb3/censys-python/pull/4,8/11,0.60s,0.97s,105,107,100,100,75.25,,Added LOC & Caused Test Failures,,,lib/ansible/playbook/task.py,,
,censys/asm/risks.py,tests/asm/test_risks.py,Claude Sonnet 3.5,1,Devang,https://github.com/devangb3/censys-python/pull/16,23/23,0.68s,0.66s,184,96,100,100,49.49,,,,,lib/ansible/playbook/helpers.py,,
,,,GPT 4o,1,Devang,https://github.com/devangb3/censys-python/pull/6,23/23,0.68s,0.67s,184,96,100,100,48.05,,Mainly removed comments,,,,,
,,,Deepseek,1,Devang,https://github.com/devangb3/censys-python/pull/42,23/23,0.68s,0.69s,184,177,100,,,,,,,,,
,,,Gemini 2.0 Flash,1,Devang,https://github.com/devangb3/censys-python/pull/17,23/23,0.68s,0.70s,184,179,100,100,70.64,,,,,,,
,censys/cli/commands/asm.py,tests/cli/test_asm.py,GPT 4o,1,Devang,https://github.com/devangb3/censys-python/pull/7,61/62,2.64s,3.38s,1007,999,100,30.44,29.7,,Debloating caused test failures,,,,,
,,,Deepseek,1,Devang,,,2.64s,,1007,,100,,,,Hit API token limit ,,,,,
,,,Gemini 2.0 Flash,1,Devang,https://github.com/devangb3/censys-python/pull/10,61/62,2.64s,2.74s,1007,998,100,30.44,31.21,,,,,,,
,censys/cli/commands/config.py,tests/cli/test_config.py,GPT 4o,1,Devang,https://github.com/devangb3/censys-python/pull/19,6/6,1.13s,1.12s,96,88,,,,,,,,,,
,,,GPT 4o,2,Devang,https://github.com/devangb3/censys-python/pull/20,6/6,1.13s,1.13s,96,94,100,,,,,,,,,
,,,Deepseek,1,Devang,https://github.com/devangb3/censys-python/pull/18,6/6,1.13s,1.10s,96,80,100,,,,,,,,,
,censys/cli/commands/search.py ,tests/cli/test_search.py,GPT 4o,2,Devang,https://github.com/devangb3/censys-python/pull/22,11/17,1.83s,2.39s,247,116,100,,,,,,,,,
,,,GPT 4o,1,Devang,https://github.com/devangb3/censys-python/pull/21,11/17,1.83s,1.97s,247,114,100,,,,,,,,,
,,,Deepseek,1,Devang,https://github.com/devangb3/censys-python/pull/23,13/17,1.83s,2.10s,247,216,100,,,,,,,,,
,censys/cli/commands/view.py,tests/cli/test_view.py,GPT 4o,2,Devang,https://github.com/devangb3/censys-python/pull/24,11/11,1.42s,1.42s,136,128,100,,,,,,,,,
,,,GPT 4o,1,Devang,https://github.com/devangb3/censys-python/pull/25,11/11,1.42s,1.42s,136,117,100,,,,,,,,,
,,,Deepseek,1,Devang,https://github.com/devangb3/censys-python/pull/26,11/11,1.42s,1.37s,136,115,100,,,,,,,,,
,censys/cli/commands/hnri.py,tests/cli/test_hnri.py,GPT4o,2,Devang,https://github.com/devangb3/censys-python/pull/30,6/6,1.28s,1.28s,175,168,100,,,,,,,,,
,,,GPT 4o,1,Devang,https://github.com/devangb3/censys-python/pull/29,5/6,1.28s,1.35s,175,146,100,,,,,,,,,
,,,Deepseek,1,Devang,https://github.com/devangb3/censys-python/pull/28,5/6,1.28s,1.27s,175,145,100,,,,,,,,,
,,,Claude Sonnet 3.5,,Devang,https://github.com/devangb3/censys-python/pull/27,5/6,1.28s,1.31s,175,128,100,,,,,,,,,
,censys/common/base.py,tests/test_base.py,GPT 4o,2,Devang,https://github.com/devangb3/censys-python/pull/34,11/11,0.57s,0.57s,296,215,100,,,,,,,,,
,,,GPT 4o,1,Devang,https://github.com/devangb3/censys-python/pull/31,11/11,0.57s,0.57s,296,280,100,,,,,,,,,
,,,Claude Sonnet 3.5,1,Devang,https://github.com/devangb3/censys-python/pull/32,11/11,0.57s,0.52s,296,238,100,,,,,,,,,
,,,Deepseek,1,Devang,https://github.com/devangb3/censys-python/pull/33,10/11,0.57s,0.74s,296,201,100,,,,,,,,,
,censys/cli/commands/subdomains.py,tests/cli/test_subdomains.py,GPT 4o,2,Devang,https://github.com/devangb3/censys-python/pull/38,3/3,0.90s,1.11s,105,100,100,,,,,,,,,
,,,GPT 4o,1,Devang,https://github.com/devangb3/censys-python/pull/35,2/3,0.90s,1.29s,105,108,100,,,,,,,,,
,,,Claude Sonnet 3.5,1,Devang,https://github.com/devangb3/censys-python/pull/36,3/3,0.90s,1.11s,105,100,100,,,,,,,,,
,,,Deepseek,1,Devang,https://github.com/devangb3/censys-python/pull/37,3/3,0.90s,0.94s,105,93,100,,,,,,,,,
,,,,,,,,,,,,,,,,,,,,,
,,,,,,,,,,,,,,,,,,,,,
https://github.com/censys/censys-python,censys/asm/beta.py,tests/asm/test_beta.py,Claude Sonnet 3.5,1,,To be created,6 / 6,0.41s,0.38s,117,97,,,,,,,,,,
,,,,,,,,,,,,,,,,,,,,,
https://github.com/github-pengge/inpainting/tree/5a51237a3a54e8f27a780cc43270569a05cb1198,networks.py,utest.py,GPT 4o,,Adil,https://github.com/AdilBukhari/ecs260-inpainting/pull/1,0/34,34.5s,n/a,648,108,,,,,debloated too much despite adjusting prompt/etc.,,,,,
,,,,,,,,,,,,,,,,,,,,,
https://github.com/pystitch/stitch,sticher/options.py,tests/test_options.py,GPT 4o,,Adil,https://github.com/AdilBukhari/ecs260-stitch/pull/1,9/9,0.37,0.34,88,70,,,,,,,,,,
,sticher/options.py,tests/test_options.py,Claude 3.5 Sonnet,,Adil,https://github.com/AdilBukhari/ecs260-stitch/pull/2,9/9,0.37,0.35,88,83,,,,,,,,,,
,sticher/parser.py,tests/test_parser.py,GPT 4o,,Adil,https://github.com/AdilBukhari/ecs260-stitch/pull/1,18/18,1.06,1.13,91,63,,,,,,,,,,
,sticher/parser.py,tests/test_parser.py,Claude 3.5 Sonnet,,Adil,https://github.com/AdilBukhari/ecs260-stitch/pull/2,18/18,1.06,0.58,91,71,,,,,,,,,,
,sticher/stitcher.py,tests/test_stitcher.py,GPT 4o,,Adil,https://github.com/AdilBukhari/ecs260-stitch/pull/1,0/64,,,882,205,,,,,debloated too much despite adjusting prompt/etc.,,,,,
,sticher/stitcher.py,tests/test_stitcher.py,Claude 3.5 Sonnet,,Adil,https://github.com/AdilBukhari/ecs260-stitch/pull/2,62/64,,,882,521,,,,,,,,,,
,,,,,,,,,,,,,,,,,,,,,
,,,,,,,,,,,,,,,,,,,,,
https://github.com/timonwong/cyksuid/tree/master,cyksuid/ksuid.py,tests/test_v1_ksuid.py,GPT 4o,1,Paiman,https://github.com/timonwong/cyksuid/pull/39,14/14,0.24,0.14,64,62,100%,,,,,,,,,
,cyksuid/ksuid.py,tests/test_v1_ksuid.py,GPT 4o,2,Paiman,https://github.com/timonwong/cyksuid/pull/40,14/14,0.24,0.14,64,62,100%,,,,,,,,,
,cyksuid/ksuid.py,tests/test_v1_ksuid.py,Claude,1,Paiman,https://github.com/timonwong/cyksuid/pull/41,14/14,0.24,0.65,64,42,100%,,,,,,,,,
,cyksuid/ksuid.py,tests/test_v1_ksuid.py,Deepseek,1,Paiman,https://github.com/timonwong/cyksuid/pull/42,14/14,0.24,0.22,64,64,100%,,,,,,,,,
https://github.com/timonwong/cyksuid/tree/master,cyksuid/_ksuid.pyi,tests/test_exception.py,GPT 4o,2,Paiman,https://github.com/timonwong/cyksuid/commit/e3a809bb0e498d993ef0dbef61f4a415ee85b804,3/3,0.18,0.18,92,78,100%,,,,,,,,,
,cyksuid/_ksuid.pyi,tests/test_exception.py,GPT 4o,1,Paiman,https://github.com/timonwong/cyksuid/compare/master...PNejr10:cyksuid:_ksuid_gpt_2?expand=1,3/3,0.18,0.18,92,78,100%,,,,,,,,,
,cyksuid/_ksuid.pyi,tests/test_exception.py,Claude,1,Paiman,https://github.com/timonwong/cyksuid/compare/master...PNejr10:_ksuid_claude?expand=1,3/3,0.18,0.24,92,66,100%,,,,,,,,,
,cyksuid/_ksuid.pyi,tests/test_exception.py,Deepseek,1,Paiman,https://github.com/timonwong/cyksuid/compare/master...PNejr10:_ksuid_deepseek?expand=1,3/3,0.18,0.19,92,158,100%,,,,,,,,,
https://github.com/pyensemble/wildwood,wildwood/forest.py,test/test_core.py,GPT 4o,1,Paiman,https://github.com/pyensemble/wildwood/pull/118,125/125,30,33,1745,832,100%,,,,,,,,,
,wildwood/forest.py,test/test_core.py,GPT 4o,2,Paiman,https://github.com/pyensemble/wildwood/pull/119,125/125,30,31,1745,832,100%,,,,,,,,,
,wildwood/forest.py,test/test_core.py,Claude,1,Paiman,https://github.com/pyensemble/wildwood/pull/120,53/125,30,37,1745,1488,100%,,,,,,,,,
,wildwood/forest.py,test/test_core.py,Deepseek,1,Paiman,https://github.com/pyensemble/wildwood/pull/121,39/125,30,26,1745,1256,100%,,,,,,,,,
https://github.com/pyensemble/wildwood,wildwood/preprocessing/feature_bitarray.py,test/test_encoder.py,GPT 4o,2,Paiman,https://github.com/pyensemble/wildwood/pull/122,77/77,17,22.46,462,122,100%,,,,,,,,,
,wildwood/preprocessing/feature_bitarray.py,test/test_encoder.py,GPT 4o,1,Paiman,https://github.com/pyensemble/wildwood/pull/123,77/77,17,23,462,115,100%,,,,,,,,,
,wildwood/preprocessing/feature_bitarray.py,test/test_encoder.py,Claude,1,Paiman,https://github.com/pyensemble/wildwood/pull/124,77/77,17,21.76,462,317,100%,,,,,,,,,
,wildwood/preprocessing/feature_bitarray.py,test/test_encoder.py,Deepseek,1,Paiman,https://github.com/pyensemble/wildwood/pull/125,44/77,17,21,462,321,100%,,,,,,,,,
https://github.com/pyensemble/wildwood,wildwood/dataset/loader.py,test/test_data_loader.py,GPT 4o,2,Paiman,https://github.com/pyensemble/wildwood/pull/126,36/42,42,32,1074,472,100%,,,,,,,,,
,wildwood/dataset/loader.py,test/test_data_loader.py,GPT 4o,1,Paiman,https://github.com/pyensemble/wildwood/pull/127,36/42,42,50,1074,425,100%,,,,,,,,,
,wildwood/dataset/loader.py,test/test_data_loader.py,Claude,1,Paiman,https://github.com/pyensemble/wildwood/pull/128,36/42,42,39,1074,544,100%,,,,,,,,,
,wildwood/dataset/loader.py,test/test_data_loader.py,Deepseek,1,Paiman,https://github.com/pyensemble/wildwood/pull/129,0/42,42,47,1074,318,100%,,,,,,,,,
https://github.com/PNejr10/LLM_Hack-A-Roo_2024,Main.py,UnitTest.py,GPT 4o,2,Paiman,https://github.com/PatelYagna/LLM_Hack-A-Roo_2024/pull/1,10/14,1,2.21,813,123,100%,,,,,,,,,
,Main.py,UnitTest.py,GPT 4o,1,Paiman,https://github.com/PatelYagna/LLM_Hack-A-Roo_2024/pull/2,10/14,1,1.07,813,121,100%,,,,,,,,,
,Main.py,UnitTest.py,Claude,1,Paiman,https://github.com/PatelYagna/LLM_Hack-A-Roo_2024/pull/3,14/14,1,0.88,813,693,100%,,,,,,,,,
,Main.py,UnitTest.py,Deepseek,1,Paiman,https://github.com/PatelYagna/LLM_Hack-A-Roo_2024/pull/4,14/14,1,1,813,569,100%,,,,,,,,,
https://github.com/PNejr10/AAA,Morse.py,Issue_02.py,GPT 4o,2,Paiman,https://github.com/DmitryKuptsov/AAA/pull/2,3/3,0.14,0.14,54,36,,,,,,,,,,
,,,GPT 4o,1,Paiman,https://github.com/DmitryKuptsov/AAA/pull/3,3/3,0.14,0.14,54,34,,,,,,,,,,
,,,Claude,1,Paiman,https://github.com/DmitryKuptsov/AAA/pull/4,3/3,0.14,0.14,54,44,,,,,,,,,,
,,,Deepseek,1,Paiman,https://github.com/DmitryKuptsov/AAA/pull/5,3/3,0.14,0.14,54,42,,,,,,,,,,
https://github.com/astriaorg,typer_validators.py,test_typer_validators.py,Claude,1,Abdel,https://github.com/astriaorg/safe-cli/pull/10,,0.09,0.06,63,45,100%,,,,,,,,,
,,,4o,1,Abdel,https://github.com/astriaorg/safe-cli/pull/11,,0.09,0.09,63,63,,,,,,,,,,
https://github.com/zephyrproject-rtos/zephyr,,,Deepseek,1,Abdel,https://github.com/astriaorg/safe-cli/pull/12,,0.09,0.23,,58,,,,,,,,,,
,,test_dtlib.py,Claude,1,Abdel,https://github.com/zephyrproject-rtos/zephyr/pull/86967,/36,0.07,0.92,2239,472,,,,,,,,,,
,,,4o,1,Abdel,https://github.com/abdeliibrahim/zephyr/pull/1,6/36,0.07,1.94,2239,1227,,,,,,,,,,
,,,Deepseek,1,Abdel,https://github.com/abdeliibrahim/zephyr/pull/2,0/36,0.07,0.15,2239,2163,,,,,,,,,,
https://github.com/abersheeran/a2wsgi,asgi.py,test/test_asgi.py,Claude,1,Paiman,https://github.com/abersheeran/a2wsgi/pull/67,0/11,0.11,0.21,301,132,100%,,,,,,,,,
,,,GPT 4o,2,Paiman,https://github.com/abersheeran/a2wsgi/pull/68,11/11,0.11,2.21,301,301,100%,,,,,,,,,
,,,GPT 4o,1,Paiman,https://github.com/abersheeran/a2wsgi/pull/69,0/11,0.11,infinite loop due to threading ,301,296,100%,,,,,,,,,
,,,Deepseek,1,Paiman,https://github.com/abersheeran/a2wsgi/pull/70,4/11,0.11,infinite loop due to threading ,301,266,100%,,,,,,,,,
,wsgi.py,test/test_wsgi.py,GPT 4o,2,Paiman,https://github.com/abersheeran/a2wsgi/pull/71,1/7,0.21,0.48,266,204,100%,,,,,,,,,
,,,GPT 4o,1,Paiman,https://github.com/abersheeran/a2wsgi/pull/72,7/7,0.21,0.21,266,215,100%,,,,,,,,,
,,,Claude,1,Paiman,https://github.com/abersheeran/a2wsgi/pull/73,6/7,0.21,0.39,266,223,100%,,,,,,,,,
,,,Deepseek,1,Paiman,https://github.com/abersheeran/a2wsgi/pull/74,6/7,0.21,0.24,266,235,100%,,,,,,,,,
https://github.com/iconloop/kona,kona//key_value_store_imdb.py,test/test_key_value_store_imdb.py,gpt 4o,2,Paiman,https://github.com/iconloop/kona/pull/14,6/6,0.24,0.29,230,211,100%,,,,,,,,,
,,,gpt 4o,1,Paiman,https://github.com/iconloop/kona/pull/15,5/6,0.24,0.29,230,191,100%,,,,,,,,,
,,,Claude,1,Paiman,https://github.com/iconloop/kona/pull/16,5/6,0.24,0.29,230,188,100%,,,,,,,,,
,,,Deepseek,1,Paiman,https://github.com/iconloop/kona/pull/17,5/6,0.24,0.29,230,173,100%,,,,,,,,,
https://github.com/Redhead80/6.Tests,main.py,pytest_.py,gpt 4o,2,Paiman,https://github.com/Redhead80/6.Tests/pull/1,11/11,0.19,0.19,175,135,100%,,,,,,,,,
,,,gpt 4o,1,Paiman,https://github.com/Redhead80/6.Tests/pull/2,11/11,0.19,0.19,175,131,100%,,,,,,,,,
,,,claude,1,Paiman,https://github.com/Redhead80/6.Tests/pull/3,11/11,0.19,0.19,175,127,100%,,,,,,,,,
,,,Deepseek,1,Paiman,https://github.com/Redhead80/6.Tests/pull/4,11/11,0.19,0.19,175,150,100%,,,,,,,,,
,app/user.py,test_user.py,Caude,1,Abdel,https://github.com/Pytest-with-Eric/pytest-fastapi-crud-example/pull/3,7/8,1.06,1.07,150,77,,,,,,,,,,
,,test_user.py,4o,,Abdel,https://github.com/Pytest-with-Eric/pytest-fastapi-crud-example/pull/4,7/8,1.06,1.09,150,96,,,,,,,,,,
,,test_user.py,deepseek,,Abdel,https://github.com/Pytest-with-Eric/pytest-fastapi-crud-example/pull/5,3/8,,0.05,150,71,,,,,,,,,,
https://github.com/psf/black,trans.py,test_trans.py,claude,1,Abdel,https://github.com/psf/black/pull/4612,1/1,0.05,0.05,44,39,,,,,,,,,,
,blackd/__init__.py,test_trans.py,4o,1,Abdel,https://github.com/psf/black/pull/4613,1/1,0.05,0.05,44,26,,,,,,,,,,
,,test_trans.py,,,Abdel,https://github.com/psf/black/pull/4614,1/1,0.05,0.05,44,34,,,,,,,,,,
,blackd/__init__.py,test_blackd.py,claude,,Abdel,https://github.com/psf/black/pull/4615,7/20,0.55,0.52,261,198,,,,,,,,,,
,,test_blackd.py,4o,,Abdel,https://github.com/psf/black/pull/4616,20/20,0.55,0.55,261,241,,,,,,,,,,
,,test_blackd.py,ds,,Abdel,https://github.com/psf/black/pull/4617,0/20,0.55,0.29,261,135,,,just removed comments,,,,,,,
,black/__init__.py,test_black.py,claude,,Abdel,https://github.com/psf/black/pull/4618,0/20,3.02,0.15,1597,76,,,,,,,,,,
,,test_black.py,4o,,Abdel,"Sorry, the response hit the length limit. Please rephrase your prompt.",,3.02,,1597,0,,,,,,,,,,
,,test_black.py,ds,,Abdel,https://github.com/psf/black/pull/4619,,3.02,,1597,728,,,,,,,,,,
,tokenize.py,test_tokenize.py,claude,,Abdel,https://github.com/psf/black/pull/4620,0/2,0.05,0.12,1115,1107,,,,,,,,,,
,,test_tokenize.py,4o,,Abdel,"Sorry, the response hit the length limit. Please rephrase your prompt.",,0.05,,1115,,,,,,,,,,,
,,test_tokenize.py,ds,,Abdel,https://github.com/psf/black/pull/4621,0/1,0.05,0.13,1115,609,,,,,,,,,,
,ranges.py,test_ranges.py,claude,,Abdel,https://github.com/psf/black/pull/4622,31/31,0.05,0.07,522,343,,,,,,,,,,
,,test_ranges.py,4o,,Abdel,https://github.com/psf/black/pull/4623,6/31,0.05,0.17,522,78,,,,,,,,,,
,,test_ranges.py,ds,,Abdel,https://github.com/psf/black/pull/4624,28/31,0.05,0.1,522,191,,,,,,,,,,
https://github.com/Textualize/rich,align.py,test_align.py,claude,,Abdel,https://github.com/Textualize/rich/pull/3661,16/16,0.11,0.06,313,280,,,,,,,,,,
,align.py,test_align.py,4o,,Abdel,https://github.com/Textualize/rich/pull/3660,0/16,0.11,0.1,313,97,,,,,,,,,,
,align.py,test_align.py,ds,,Abdel,https://github.com/Textualize/rich/pull/3659,16/16,0.11,0.04,313,168,,,,,,,,,,
,prompt.py,test_prompt.py,claude,,Abdel,https://github.com/Textualize/rich/pull/3662,7/7,0.06,0.04,400,243,,,,,,,,,,
,prompt.py,test_prompt.py,4o,,Abdel,https://github.com/Textualize/rich/pull/3663,0/7,0.06,0.09,400,112,,,,,,,,,,
,prompt.py,test_prompt.py,ds,,Abdel,https://github.com/Textualize/rich/pull/3664,3/7,0.06,0.1,400,194,,,,,,,,,,
,pretty.py,test_pretty.py,claude,,,"Sorry, the response hit the length limit. Please rephrase your prompt.",,,,,,,,,,,,,,,
,,,4o,,,"Sorry, the response hit the length limit. Please rephrase your prompt.",,,,,,,,,,,,,,,
,,,ds,,,"Sorry, the response hit the length limit. Please rephrase your prompt.",,,,,,,,,,,,,,,
https://github.com/michaeltian108/CA-TRIDE,contrastive.py,test_contrastive.py,4o,2,Adil,https://github.com/AdilBukhari/ECS260-CA-TRIDE/pull/1,2/6,0.19,0.23,159,148,,,,,,,,,,
,contrastive.py,test_contrastive.py,4o,1,Adil,https://github.com/AdilBukhari/ECS260-CA-TRIDE/pull/2,5/6,0.19,0.18,159,111,,,,,,,,,,
,contrastive.py,test_contrastive.py,claude,1,Adil,https://github.com/AdilBukhari/ECS260-CA-TRIDE/pull/3,6/6,0.19,0.14,159,125,,,,,,,,,,
,contrastive.py,test_contrastive.py,deepseek,1,Adil,https://github.com/AdilBukhari/ECS260-CA-TRIDE/pull/4,0/6,0.19,0.22,159,141,,,syntax errors,,,,,,,
,margin.py,test_margin.py,4o,2,Adil,https://github.com/AdilBukhari/ECS260-CA-TRIDE/pull/5,10/14,0.38,0.33,150,143,,,,,,,,,,
,margin.py,test_margin.py,4o,1,Adil,https://github.com/AdilBukhari/ECS260-CA-TRIDE/pull/6,14/14,0.38,0.37,150,143,,,,,,,,,,
,margin.py,test_margin.py,claude,1,Adil,https://github.com/AdilBukhari/ECS260-CA-TRIDE/pull/7,14/14,0.38,0.38,150,119,,,,,,,,,,
,margin.py,test_margin.py,deepseek,1,Adil,https://github.com/AdilBukhari/ECS260-CA-TRIDE/pull/8,11/14,0.38,0.41,150,124,,,,,,,,,,
,miner.py,test_miner.py,4o,2,Adil,https://github.com/AdilBukhari/ECS260-CA-TRIDE/pull/9,4/37,3.31,2.21,528,430,,,,,,,,,,
,miner.py,test_miner.py,4o,1,Adil,https://github.com/AdilBukhari/ECS260-CA-TRIDE/pull/10,31/37,3.31,3.49,528,353,,,,,,,,,,
,miner.py,test_miner.py,claude,1,Adil,https://github.com/AdilBukhari/ECS260-CA-TRIDE/pull/11,37/37,3.31,2.54,528,421,,,,,,,,,,
,miner.py,test_miner.py,deepseek,1,Adil,https://github.com/AdilBukhari/ECS260-CA-TRIDE/pull/12,37/37,3.31,3.12,528,425,,,,,,,,,,
,triplet.py,test_triplet.py,4o,2,Adil,https://github.com/AdilBukhari/ECS260-CA-TRIDE/pull/13,14/29,2.48,2.22,254,214,,,,,,,,,,
,triplet.py,test_triplet.py,4o,1,Adil,https://github.com/AdilBukhari/ECS260-CA-TRIDE/pull/14,29/29,2.48,2.33,254,231,,,,,,,,,,
,triplet.py,test_triplet.py,claude,1,Adil,https://github.com/AdilBukhari/ECS260-CA-TRIDE/pull/15,25/29,2.48,2.18,254,123,,,,,,,,,,
,triplet.py,test_triplet.py,deepseek,1,Adil,https://github.com/AdilBukhari/ECS260-CA-TRIDE/pull/16,29/29,2.48,2.57,254,227,,,,,,,,,,
,triplet_variant.py,test_triplet_variant.py,4o,2,Adil,https://github.com/AdilBukhari/ECS260-CA-TRIDE/pull/17,31/44,3.58,3.37,370,245,,,,,,,,,,
,triplet_variant.py,test_triplet_variant.py,4o,1,Adil,https://github.com/AdilBukhari/ECS260-CA-TRIDE/pull/18,38/44,3.58,3.42,370,235,,,,,,,,,,
,triplet_variant.py,test_triplet_variant.py,claude,1,Adil,https://github.com/AdilBukhari/ECS260-CA-TRIDE/pull/19,44/44,3.58,3.38,370,303,,,,,,,,,,
,triplet_variant.py,test_triplet_variant.py,deepseek,1,Adil,https://github.com/AdilBukhari/ECS260-CA-TRIDE/pull/20,44/44,3.58,3.19,370,228,,,,,,,,,,
,snr.py,test_snr.py,4o,1,Adil,https://github.com/AdilBukhari/ECS260-CA-TRIDE/pull/21,8/8,0.37,0.32,116,107,,,,,,,,,,
,snr.py,test_snr.py,claude,1,Adil,https://github.com/AdilBukhari/ECS260-CA-TRIDE/pull/22,8/8,0.37,0.29,116,94,,,,,,,,,,
,snr.py,test_snr.py,deepseek,1,Adil,https://github.com/AdilBukhari/ECS260-CA-TRIDE/pull/23,8/8,0.37,0.36,116,111,,,,,,,,,,
,lifted.py,test_lifted.py,4o,1,Adil,https://github.com/AdilBukhari/ECS260-CA-TRIDE/pull/24,5/6,0.25,0.26,103,102,,,,,,,,,,
,lifted.py,test_lifted.py,claude,1,Adil,https://github.com/AdilBukhari/ECS260-CA-TRIDE/pull/25,6/6,0.25,0.24,103,103,,,,,,,,,,
,lifted.py,test_lifted.py,deepseek,1,Adil,https://github.com/AdilBukhari/ECS260-CA-TRIDE/pull/26,3/6,0.25,0.18,103,68,,,,,,,,,,
,npair.py,test_npair.py,4o,1,Adil,https://github.com/AdilBukhari/ECS260-CA-TRIDE/pull/27,6/6,0.29,0.31,122,91,,,,,,,,,,
,npair.py,test_npair.py,claude,1,Adil,https://github.com/AdilBukhari/ECS260-CA-TRIDE/pull/28,6/6,0.29,0.22,122,73,,,,,,,,,,
,npair.py,test_npair.py,deepseek,1,Adil,https://github.com/AdilBukhari/ECS260-CA-TRIDE/pull/29,5/6,0.29,0.26,122,92,,,,,,,,,,
,extra.py,test_extra.py,4o,1,Adil,https://github.com/AdilBukhari/ECS260-CA-TRIDE/pull/30,3/3,0.11,0.13,104,121,,,,,,,,,,
,extra.py,test_extra.py,claude,1,Adil,https://github.com/AdilBukhari/ECS260-CA-TRIDE/pull/31,3/3,0.11,0.11,104,100,,,,,,,,,,
,extra.py,test_extra.py,deepseek,1,Adil,https://github.com/AdilBukhari/ECS260-CA-TRIDE/pull/32,3/3,0.11,0.12,104,111,,,,,,,,,,
,,,,,,,,,,,,,,,,,,,,,
https://github.com/HarshCasper/prefect,prefect/agent/docker/agent.py,tests/agent/test_docker_agent.py,claude 3.5 sonnet,1,Sankalp,https://github.com/sankalp112kashyap/prefect/pull/1,65/65,4.82,4.76,518,309,90%,,MS-2,,,,,,,
,prefect/agent/docker/agent.py,tests/agent/test_docker_agent.py,Chatgpt 4o,1,Sankalp,https://github.com/sankalp112kashyap/prefect/pull/2,65/65,4.82,4.84,518,370,90%,,,,,,,,,
,prefect/agent/docker/agent.py,tests/agent/test_docker_agent.py,Chatgpt 4o,2,Sankalp,https://github.com/sankalp112kashyap/prefect/pull/3,65/65,4.82,4.84,518,249,90%,,,,,,,,,
,prefect/agent/docker/agent.py,tests/agent/test_docker_agent.py,Deepseek,1,Sankalp,https://github.com/sankalp112kashyap/prefect/pull/12,65/65,4.82,4.9,518,292,90%,,,,,,,,,
,,,,,,,,,,,,,,,,,,,,,
,,,,,,,,,,,,,,,,,,,,,
,prefect/engine/result/base.py,tests/engine/result/test_base.py,claude 3.5 sonnet,1,Sankalp,https://github.com/HarshCasper/prefect/commit/bb01682b6f602d08744c4292eb8c5d6a0ea26627,53/53,0.35,0.34,351,208,90%,,,,,,,,,
,prefect/engine/result/base.py,tests/engine/result/test_base.py,Chatgpt 4o,1,Sankalp,https://github.com/sankalp112kashyap/prefect/pull/4,53/53,0.35,0.35,351,230,90%,,,,,,,,,
,prefect/engine/result/base.py,tests/engine/result/test_base.py,Chatgpt 4o,2,Sankalp,https://github.com/sankalp112kashyap/prefect/pull/5,53/53,0.35,0.35,351,161,90%,,,,,,,,,
,prefect/engine/result/base.py,tests/engine/result/test_base.py,Deepseek,1,Sankalp,https://github.com/sankalp112kashyap/prefect/pull/13,53/53,0.35,0.32,351,320,90%,,,,,,,,,
,,,,,,,,,,,,,,,,,,,,,
,,,,,,,,,,,,,,,,,,,,,
,prefect/engine/flow_runner.py,tests/engine/test_flow_runner.py,claude 3.5 sonnet,1,Sankalp,https://github.com/sankalp112kashyap/prefect/pull/8,56/148,12.02,3.96,733,548,90%,,,,,,,,,
,prefect/engine/flow_runner.py,tests/engine/test_flow_runner.py,Chatgpt 4o,1,Sankalp,https://github.com/sankalp112kashyap/prefect/pull/7,148/148,12.02,11.88,733,457,90%,,,,,,,,,
,prefect/engine/flow_runner.py,tests/engine/test_flow_runner.py,Chatgpt 4o,2,Sankalp,https://github.com/sankalp112kashyap/prefect/pull/6,148/148,12.02,11.82,733,457,90%,,,,,,,,,
,prefect/engine/flow_runner.py,tests/engine/test_flow_runner.py,Deepseek,1,Sankalp,https://github.com/sankalp112kashyap/prefect/pull/14,146/148,12.02,12.01,733,327,90%,,,,,,,,,
,,,,,,,,,,,,,,,,,,,,,
,,,,,,,,,,,,,,,,,,,,,
,prefect/schedules/clock.py,tests/schedules/test_clock.py,claude 3.5 sonnet,1,Sankalp,https://github.com/sankalp112kashyap/prefect/pull/10,71/74,0.61,0.6,382,326,90%,,,,,,,,,
,prefect/schedules/clock.py,tests/schedules/test_clock.py,Chatgpt 4o,1,Sankalp,https://github.com/sankalp112kashyap/prefect/pull/9,53/74,0.61,1.15,382,325,90%,,,,,,,,,
,prefect/schedules/clock.py,tests/schedules/test_clock.py,Chatgpt 4o,2,Sankalp,https://github.com/sankalp112kashyap/prefect/pull/11,31/74,0.61,0.93,382,109,90%,,,,,,,,,
,prefect/schedules/clock.py,tests/schedules/test_clock.py,Deepseek,1,Sankalp,https://github.com/sankalp112kashyap/prefect/pull/15,70/74,0.61,0.55,382,184,90%,,,,,,,,,
,,,,,,,,,,,,,,,,,,,,,
https://github.com/ansible/ansible,lib/ansible/inventory/group.py,test/units/inventory/test_group.py,claude 3.5 sonnet,1,Sankalp,https://github.com/sankalp112kashyap/ansible/pull/1,9/9,0.08,0.06,295,240,100%,,,,,,,,,
,lib/ansible/inventory/group.py,test/units/inventory/test_group.py,Chatgpt 4o,1,Sankalp,https://github.com/sankalp112kashyap/ansible/pull/3,9/9,0.08,,295,254,100%,,,,,,,,,
,lib/ansible/inventory/group.py,test/units/inventory/test_group.py,Chatgpt 4o,2,Sankalp,https://github.com/sankalp112kashyap/ansible/pull/2,9/9,0.08,0.09,295,229,100%,,,,,,,,,
,lib/ansible/inventory/group.py,test/units/inventory/test_group.py,Deepseek,1,Sankalp,https://github.com/sankalp112kashyap/ansible/pull/23,9/9,0.08,0.09,295,244,100%,,,,,,,,,
,,,,,,,,,,,,,,,,,,,,,
,lib/ansible/invecntory/host.py,test/units/inventory/test_host.py,claude 3.5 sonnet,1,Sankalp,https://github.com/sankalp112kashyap/ansible/pull/4,21/21,0.08,0.06,169,131,100%,,,,,,,,,
,lib/ansible/invecntory/host.py,test/units/inventory/test_host.py,Chatgpt 4o,1,Sankalp,https://github.com/sankalp112kashyap/ansible/pull/6,21/21,0.08,0.06,169,131,100%,,,,,,,,,
,lib/ansible/invecntory/host.py,test/units/inventory/test_host.py,Chatgpt 4o,2,Sankalp,https://github.com/sankalp112kashyap/ansible/pull/5,21/21,0.08,0.09,169,131,100%,,,,,,,,,
,lib/ansible/invecntory/host.py,test/units/inventory/test_host.py,Deepseek,1,Sankalp,https://github.com/sankalp112kashyap/ansible/pull/22,21/21,0.08,0.09,169,133,100%,,,,,,,,,
,,,,,,,,,,,,,,,,,,,,,
,lib/ansible/playbook/block.py,test/units/playbook/test_block.py,claude 3.5 sonnet,1,Sankalp,https://github.com/sankalp112kashyap/ansible/pull/7,6/6,0.19,0.12,441,374,100%,,,,,,,,,
,lib/ansible/playbook/block.py,test/units/playbook/test_block.py,Chatgpt 4o,1,Sankalp,https://github.com/sankalp112kashyap/ansible/pull/9,6/6,0.19,0.06,441,256,100%,,,,,,,,,
,lib/ansible/playbook/block.py,test/units/playbook/test_block.py,Chatgpt 4o,2,Sankalp,https://github.com/sankalp112kashyap/ansible/pull/8,6/6,0.19,0.09,441,251,100%,,,,,,,,,
,lib/ansible/playbook/block.py,test/units/playbook/test_block.py,Deepseek,1,Sankalp,https://github.com/sankalp112kashyap/ansible/pull/20/,,0.19,,441,240,100%,,,,,,,,,
,,,,,,,,,,,,,,,,,,,,,
,lib/ansible/config/manager.py,test/units/config/test_manager.py,claude 3.5 sonnet,1,Sankalp,https://github.com/sankalp112kashyap/ansible/pull/11,58/58,0.19,0.12,700,524,100%,,,,,,,,,
,lib/ansible/config/manager.py,test/units/config/test_manager.py,Chatgpt 4o,1,Sankalp,https://github.com/sankalp112kashyap/ansible/pull/10,58/58,0.19,0.15,700,402,100%,,,,,,,,,
,lib/ansible/config/manager.py,test/units/config/test_manager.py,Chatgpt 4o,2,Sankalp,https://github.com/sankalp112kashyap/ansible/pull/24,58/58,0.19,0.15,700,520,100%,,,,,,,,,
,lib/ansible/config/manager.py,test/units/config/test_manager.py,Deepseek,1,Sankalp,https://github.com/sankalp112kashyap/ansible/pull/21,58/58,0.19,0.16,700,393,100%,,,,,,,,,
,,,,,,,,,,,,,,,,,,,,,
,lib/ansible/playbook/task.py,test/units/playbook/test_task.py,claude 3.5 sonnet,1,Sankalp,https://github.com/sankalp112kashyap/ansible/pull/12,14/14,0.23,0.12,527,479,100%,,,,,,,,,
,lib/ansible/playbook/task.py,test/units/playbook/test_task.py,Chatgpt 4o,1,Sankalp,https://github.com/sankalp112kashyap/ansible/pull/14,14/14,0.23,0.18,527,398,100%,,,,,,,,,
,lib/ansible/playbook/task.py,test/units/playbook/test_task.py,Chatgpt 4o,2,Sankalp,https://github.com/sankalp112kashyap/ansible/pull/13,14/14,0.23,0.15,527,383,100%,,,,,,,,,
,lib/ansible/playbook/task.py,test/units/playbook/test_task.py,Deepseek,1,Sankalp,https://github.com/sankalp112kashyap/ansible/pull/19,14/14,0.23,0.22,527,304,100%,,,,,,,,,
,,,,,,,,,,,,,,,,,,,,,
,lib/ansible/playbook/helpers.py,test/units/playbook/test_helpers.py,claude 3.5 sonnet,1,Sankalp,https://github.com/sankalp112kashyap/ansible/pull/15,27/27,0.2,0.19,332,157,100%,,,,,,,,,
,lib/ansible/playbook/helpers.py,test/units/playbook/test_helpers.py,Chatgpt 4o,1,Sankalp,https://github.com/sankalp112kashyap/ansible/pull/16,27/27,0.23,0.18,332,173,100%,,,,,,,,,
,lib/ansible/playbook/helpers.py,test/units/playbook/test_helpers.py,Chatgpt 4o,2,Sankalp,https://github.com/sankalp112kashyap/ansible/pull/17,27/27,0.23,0.21,332,287,100%,,,,,,,,,
,lib/ansible/playbook/helpers.py,test/units/playbook/test_helpers.py,Deepseek,1,Sankalp,https://github.com/sankalp112kashyap/ansible/pull/18,27/27,0.23,0.22,332,283,100%,,,,,,,,,
,containers.py,test_containers.py,claude,1,Abdel,https://github.com/Textualize/rich/pull/3667,4/4,0.05,0.05,167,157,100,,,,,,,,,
,containers.py,test_containers.py,4o,1,Abdel,https://github.com/Textualize/rich/pull/3669,3/4,0.05,0.08,167,107,,,,,,,,,,
,containers.py,test_containers.py,ds,1,Abdel,https://github.com/Textualize/rich/pull/3668,3/4,0.05,0.08,167,113,,,,,,,,,,
,containers.py,,,,,,,,,,,,,,,,,,,,